Nation,Time,Confirmed Case,Death,Recover,timestamp
MAYOTTE,2020-04-03 14:30:10,116.0,1.0,10.0,8260210
MAYOTTE,2020-04-03 14:30:11,116.0,1.0,10.0,8260211
MAYOTTE,2020-04-03 17:30:12,116.0,1.0,10.0,8271012
MAYOTTE,2020-04-03 20:30:12,116.0,1.0,10.0,8281812
MAYOTTE,2020-04-03 23:30:19,116.0,1.0,10.0,8292619
MAYOTTE,2020-04-04 08:30:14,128.0,2.0,10.0,8325014
MAYOTTE,2020-04-04 11:30:14,128.0,2.0,10.0,8335814
MAYOTTE,2020-04-04 14:30:16,128.0,2.0,10.0,8346616
MAYOTTE,2020-04-04 17:30:18,128.0,2.0,10.0,8357418
MAYOTTE,2020-04-04 20:30:33,128.0,2.0,10.0,8368233
MAYOTTE,2020-04-04 23:30:05,134.0,2.0,14.0,8379005
MAYOTTE,2020-04-05 08:30:07,134.0,2.0,14.0,8411407
MAYOTTE,2020-04-05 11:30:03,134.0,2.0,14.0,8422203
MAYOTTE,2020-04-05 14:30:04,134.0,2.0,14.0,8433004
MAYOTTE,2020-04-05 17:40:33,134.0,2.0,14.0,8444433
MAYOTTE,2020-04-05 20:33:28,134.0,2.0,14.0,8454808
MAYOTTE,2020-04-05 23:30:02,134.0,2.0,14.0,8465402
MAYOTTE,2020-04-06 08:37:49,147.0,2.0,14.0,8498269
MAYOTTE,2020-04-06 11:30:05,147.0,2.0,14.0,8508605
MAYOTTE,2020-04-06 14:44:21,147.0,2.0,14.0,8520261
MAYOTTE,2020-04-06 17:30:04,147.0,2.0,14.0,8530204
MAYOTTE,2020-04-06 21:00:44,147.0,2.0,14.0,8542844
MAYOTTE,2020-04-07 00:00:03,147.0,2.0,14.0,8553603
MAYOTTE,2020-04-07 09:00:04,164.0,2.0,15.0,8586004
MAYOTTE,2020-04-07 12:15:51,164.0,2.0,15.0,8597751
MAYOTTE,2020-04-07 15:59:55,164.0,2.0,15.0,8611195
MAYOTTE,2020-04-07 18:03:46,164.0,2.0,15.0,8618626
MAYOTTE,2020-04-07 21:32:15,164.0,2.0,15.0,8631135
MAYOTTE,2020-04-08 00:00:04,164.0,2.0,15.0,8640004
MAYOTTE,2020-04-08 09:00:46,171.0,2.0,22.0,8672446
MAYOTTE,2020-04-08 12:21:18,171.0,2.0,22.0,8684478
MAYOTTE,2020-04-08 15:04:46,171.0,2.0,22.0,8694286
MAYOTTE,2020-04-08 18:11:16,171.0,2.0,22.0,8705476
MAYOTTE,2020-04-08 21:33:56,171.0,2.0,22.0,8717636
MAYOTTE,2020-04-09 00:14:12,171.0,2.0,22.0,8727252
MAYOTTE,2020-04-09 11:19:24,184.0,2.0,22.0,8767164
MAYOTTE,2020-04-09 12:07:24,184.0,2.0,22.0,8770044
MAYOTTE,2020-04-09 14:57:09,184.0,2.0,22.0,8780229
MAYOTTE,2020-04-09 18:00:02,184.0,2.0,22.0,8791202
MAYOTTE,2020-04-10 01:06:14,184.0,2.0,22.0,8816774
MAYOTTE,2020-04-10 09:04:46,184.0,2.0,26.0,8845486
MAYOTTE,2020-04-10 12:09:17,186.0,2.0,26.0,8856557
MAYOTTE,2020-04-10 14:55:51,186.0,2.0,26.0,8866551
MAYOTTE,2020-04-10 18:41:05,191.0,2.0,50.0,8880065
MAYOTTE,2020-04-10 21:59:17,191.0,2.0,50.0,8891957
MAYOTTE,2020-04-11 00:00:34,191.0,2.0,50.0,8899234
MAYOTTE,2020-04-11 09:01:32,191.0,2.0,50.0,8931692
MAYOTTE,2020-04-11 12:08:24,191.0,2.0,50.0,8942904
MAYOTTE,2020-04-11 17:00:40,191.0,2.0,50.0,8960440
MAYOTTE,2020-04-11 18:12:28,191.0,2.0,50.0,8964748
MAYOTTE,2020-04-11 21:44:19,196.0,3.0,59.0,8977459
MAYOTTE,2020-04-11 23:59:29,196.0,3.0,59.0,8985569
MAYOTTE,2020-04-12 09:00:42,196.0,3.0,59.0,9018042
MAYOTTE,2020-04-12 12:05:42,196.0,3.0,59.0,9029142
MAYOTTE,2020-04-12 15:09:25,196.0,3.0,59.0,9040165
MAYOTTE,2020-04-12 18:22:01,196.0,3.0,59.0,9051721
MAYOTTE,2020-04-12 20:59:25,196.0,3.0,59.0,9061165
MAYOTTE,2020-04-13 00:07:13,196.0,3.0,59.0,9072433
MAYOTTE,2020-04-13 09:26:16,196.0,3.0,59.0,9105976
MAYOTTE,2020-04-13 11:59:14,196.0,3.0,59.0,9115154
MAYOTTE,2020-04-13 15:13:01,196.0,3.0,59.0,9126781
MAYOTTE,2020-04-13 20:23:47,196.0,3.0,59.0,9145427
MAYOTTE,2020-04-13 21:01:27,207.0,3.0,59.0,9147687
MAYOTTE,2020-04-14 00:30:40,207.0,3.0,59.0,9160240
MAYOTTE,2020-04-14 09:09:09,207.0,3.0,59.0,9191349
MAYOTTE,2020-04-14 12:13:23,207.0,3.0,59.0,9202403
MAYOTTE,2020-04-14 15:49:28,207.0,3.0,59.0,9215368
MAYOTTE,2020-04-14 18:27:14,207.0,3.0,59.0,9224834
MAYOTTE,2020-04-14 21:18:50,217.0,3.0,69.0,9235130
MAYOTTE,2020-04-15 00:07:14,217.0,3.0,69.0,9245234
MAYOTTE,2020-04-15 09:00:09,217.0,3.0,69.0,9277209
MAYOTTE,2020-04-15 14:56:18,217.0,3.0,69.0,9298578
MAYOTTE,2020-04-15 19:52:38,217.0,3.0,69.0,9316358
MAYOTTE,2020-04-15 21:18:33,217.0,3.0,69.0,9321513
MAYOTTE,2020-04-16 00:51:15,217.0,3.0,69.0,9334275
MAYOTTE,2020-04-16 09:04:51,217.0,3.0,69.0,9363891
MAYOTTE,2020-04-16 12:05:08,217.0,3.0,69.0,9374708
MAYOTTE,2020-04-16 14:57:08,217.0,3.0,69.0,9385028
MAYOTTE,2020-04-16 17:58:25,217.0,3.0,69.0,9395905
MAYOTTE,2020-04-16 22:41:20,233.0,3.0,69.0,9412880
MAYOTTE,2020-04-17 01:32:36,233.0,3.0,69.0,9423156
MAYOTTE,2020-04-17 09:11:04,233.0,3.0,69.0,9450664
MAYOTTE,2020-04-17 12:02:01,233.0,3.0,69.0,9460921
MAYOTTE,2020-04-17 14:56:35,233.0,3.0,69.0,9471395
MAYOTTE,2020-04-17 18:39:21,245.0,4.0,117.0,9484761
MAYOTTE,2020-04-17 22:45:21,245.0,4.0,117.0,9499521
MAYOTTE,2020-04-18 08:54:14,245.0,4.0,117.0,9536054
MAYOTTE,2020-04-18 13:55:54,245.0,4.0,117.0,9554154
MAYOTTE,2020-04-18 15:41:06,245.0,4.0,117.0,9560466
MAYOTTE,2020-04-18 18:03:48,245.0,4.0,117.0,9569028
MAYOTTE,2020-04-19 00:17:39,254.0,4.0,117.0,9591459
MAYOTTE,2020-04-19 09:10:08,254.0,4.0,117.0,9623408
MAYOTTE,2020-04-19 15:11:32,254.0,4.0,117.0,9645092
MAYOTTE,2020-04-19 18:07:21,254.0,4.0,117.0,9655641
MAYOTTE,2020-04-19 21:01:51,271.0,4.0,117.0,9666111
MAYOTTE,2020-04-20 00:00:38,271.0,4.0,117.0,9676838
MAYOTTE,2020-04-20 12:46:45,271.0,4.0,117.0,9722805
MAYOTTE,2020-04-20 15:15:13,271.0,4.0,117.0,9731713
MAYOTTE,2020-04-20 18:00:55,271.0,4.0,117.0,9741655
MAYOTTE,2020-04-20 20:51:26,271.0,4.0,117.0,9751886
MAYOTTE,2020-04-20 23:57:35,271.0,4.0,117.0,9763055
MAYOTTE,2020-04-21 12:05:06,284.0,4.0,117.0,9806706
MAYOTTE,2020-04-21 18:05:54,284.0,4.0,117.0,9828354
MAYOTTE,2020-04-21 20:56:52,284.0,4.0,117.0,9838612
MAYOTTE,2020-04-22 10:13:50,311.0,4.0,117.0,9886430
MAYOTTE,2020-04-22 12:01:15,311.0,4.0,117.0,9892875
MAYOTTE,2020-04-22 15:04:35,311.0,4.0,117.0,9903875
MAYOTTE,2020-04-23 00:41:34,326.0,4.0,125.0,9938494
MAYOTTE,2020-04-23 11:00:28,326.0,4.0,125.0,9975628
MAYOTTE,2020-04-23 18:09:30,339.0,4.0,125.0,10001370
MAYOTTE,2020-04-23 21:15:10,339.0,4.0,125.0,10012510
MAYOTTE,2020-04-24 12:38:27,339.0,4.0,125.0,10067907
MAYOTTE,2020-04-24 15:07:01,339.0,4.0,125.0,10076821
MAYOTTE,2020-04-24 18:05:08,354.0,4.0,144.0,10087508
MAYOTTE,2020-04-25 01:24:20,354.0,4.0,144.0,10113860
MAYOTTE,2020-04-25 10:29:29,354.0,4.0,144.0,10146569
MAYOTTE,2020-04-25 13:06:30,354.0,4.0,144.0,10155990
MAYOTTE,2020-04-25 15:13:19,354.0,4.0,144.0,10163599
MAYOTTE,2020-04-25 18:05:53,380.0,4.0,144.0,10173953
MAYOTTE,2020-04-26 00:02:26,380.0,4.0,144.0,10195346
MAYOTTE,2020-04-26 10:30:36,380.0,4.0,144.0,10233036
MAYOTTE,2020-04-26 14:00:20,380.0,4.0,144.0,10245620
MAYOTTE,2020-04-26 15:00:26,380.0,4.0,144.0,10249226
MAYOTTE,2020-04-26 18:04:29,401.0,4.0,144.0,10260269
MAYOTTE,2020-04-26 20:55:24,401.0,4.0,144.0,10270524
MAYOTTE,2020-04-27 01:26:23,401.0,4.0,144.0,10286783
MAYOTTE,2020-04-27 12:02:22,401.0,4.0,144.0,10324942
MAYOTTE,2020-04-27 18:28:29,401.0,4.0,144.0,10348109
MAYOTTE,2020-04-27 23:10:06,401.0,4.0,144.0,10365006
MAYOTTE,2020-04-28 00:52:18,401.0,4.0,144.0,10371138
MAYOTTE,2020-04-28 12:28:54,401.0,4.0,144.0,10412934
MAYOTTE,2020-04-29 00:05:46,460.0,4.0,235.0,10454746
MAYOTTE,2020-04-29 11:12:43,460.0,4.0,235.0,10494763
MAYOTTE,2020-04-29 13:02:52,460.0,4.0,235.0,10501372
MAYOTTE,2020-04-29 15:08:24,460.0,4.0,235.0,10508904
MAYOTTE,2020-04-29 18:09:12,460.0,4.0,235.0,10519752
MAYOTTE,2020-04-29 21:32:47,460.0,4.0,235.0,10531967
MAYOTTE,2020-04-30 00:17:29,460.0,4.0,235.0,10541849
MAYOTTE,2020-04-30 09:21:28,460.0,4.0,235.0,10574488
MAYOTTE,2020-04-30 12:29:51,460.0,4.0,235.0,10585791
MAYOTTE,2020-04-30 15:13:47,460.0,4.0,235.0,10595627
MAYOTTE,2020-05-01 00:05:16,539.0,4.0,235.0,10713916
MAYOTTE,2020-05-01 10:41:27,539.0,4.0,235.0,10752087
MAYOTTE,2020-05-01 11:53:59,539.0,4.0,235.0,10756439
MAYOTTE,2020-05-01 15:33:11,539.0,4.0,235.0,10769591
MAYOTTE,2020-05-01 17:55:59,539.0,4.0,235.0,10778159
MAYOTTE,2020-05-01 21:26:40,539.0,4.0,235.0,10790800
MAYOTTE,2020-05-02 00:11:13,539.0,4.0,235.0,10800673
MAYOTTE,2020-05-02 09:45:39,539.0,4.0,235.0,10835139
MAYOTTE,2020-05-02 12:46:52,539.0,4.0,235.0,10846012
MAYOTTE,2020-05-02 15:00:02,539.0,4.0,235.0,10854002
MAYOTTE,2020-05-02 18:00:30,539.0,4.0,235.0,10864830
MAYOTTE,2020-05-03 00:04:29,539.0,4.0,235.0,10886669
MAYOTTE,2020-05-03 11:56:15,596.0,4.0,328.0,10929375
MAYOTTE,2020-05-03 15:05:11,596.0,4.0,328.0,10940711
MAYOTTE,2020-05-03 17:57:14,650.0,4.0,352.0,10951034
MAYOTTE,2020-05-03 21:09:20,650.0,4.0,352.0,10962560
MAYOTTE,2020-05-03 23:58:14,650.0,4.0,352.0,10972694
MAYOTTE,2020-05-04 15:08:30,650.0,6.0,352.0,11027310
MAYOTTE,2020-05-04 18:37:54,686.0,6.0,352.0,11039874
MAYOTTE,2020-05-04 23:58:07,686.0,6.0,352.0,11059087
MAYOTTE,2020-05-05 01:13:37,686.0,6.0,352.0,11063617
MAYOTTE,2020-05-05 13:08:43,686.0,6.0,352.0,11106523
MAYOTTE,2020-05-05 15:01:21,686.0,6.0,352.0,11113281
MAYOTTE,2020-05-05 21:05:55,686.0,6.0,352.0,11135155
MAYOTTE,2020-05-06 00:00:44,686.0,6.0,352.0,11145644
MAYOTTE,2020-05-06 12:01:14,739.0,9.0,352.0,11188874
MAYOTTE,2020-05-06 18:00:04,739.0,9.0,352.0,11210404
MAYOTTE,2020-05-07 00:14:11,739.0,9.0,352.0,11232851
MAYOTTE,2020-05-07 11:57:25,739.0,9.0,352.0,11275045
MAYOTTE,2020-05-07 15:00:03,739.0,9.0,352.0,11286003
MAYOTTE,2020-05-07 18:26:51,739.0,9.0,352.0,11298411
MAYOTTE,2020-05-07 23:58:31,854.0,10.0,352.0,11318311
MAYOTTE,2020-05-08 12:02:06,854.0,10.0,352.0,11361726
MAYOTTE,2020-05-08 15:12:55,854.0,10.0,352.0,11373175
MAYOTTE,2020-05-08 18:26:19,854.0,10.0,352.0,11384779
MAYOTTE,2020-05-08 21:29:34,854.0,10.0,352.0,11395774
MAYOTTE,2020-05-09 00:43:24,854.0,10.0,352.0,11407404
MAYOTTE,2020-05-09 13:13:55,854.0,10.0,352.0,11452435
MAYOTTE,2020-05-09 15:22:29,854.0,10.0,352.0,11460149
MAYOTTE,2020-05-09 18:00:02,854.0,10.0,352.0,11469602
MAYOTTE,2020-05-10 00:44:24,988.0,11.0,492.0,11493864
MAYOTTE,2020-05-10 12:00:15,988.0,11.0,492.0,11534415
MAYOTTE,2020-05-10 15:09:02,988.0,11.0,492.0,11545742
MAYOTTE,2020-05-10 22:50:52,1023.0,11.0,492.0,11573452
MAYOTTE,2020-05-10 23:59:01,1023.0,11.0,492.0,11577541
MAYOTTE,2020-05-11 10:34:59,1023.0,11.0,492.0,11615699
MAYOTTE,2020-05-11 14:55:28,1023.0,11.0,492.0,11631328
MAYOTTE,2020-05-11 19:31:25,1023.0,11.0,492.0,11647885
MAYOTTE,2020-05-11 21:00:14,1061.0,12.0,492.0,11653214
MAYOTTE,2020-05-12 01:00:51,1061.0,12.0,492.0,11667651
MAYOTTE,2020-05-12 10:08:26,1061.0,12.0,492.0,11700506
MAYOTTE,2020-05-12 12:02:54,1061.0,12.0,492.0,11707374
MAYOTTE,2020-05-12 15:00:02,1061.0,12.0,492.0,11718002
MAYOTTE,2020-05-12 17:58:36,1061.0,12.0,492.0,11728716
MAYOTTE,2020-05-12 21:01:11,1095.0,12.0,492.0,11739671
MAYOTTE,2020-05-12 23:56:29,1095.0,12.0,492.0,11750189
MAYOTTE,2020-05-13 10:34:40,1095.0,12.0,492.0,11788480
MAYOTTE,2020-05-13 12:00:02,1095.0,12.0,492.0,11793602
MAYOTTE,2020-05-13 16:27:08,1095.0,12.0,492.0,11809628
MAYOTTE,2020-05-13 21:00:25,1143.0,14.0,627.0,11826025
MAYOTTE,2020-05-14 00:30:12,1143.0,14.0,627.0,11838612
MAYOTTE,2020-05-14 12:01:47,1143.0,14.0,627.0,11880107
MAYOTTE,2020-05-14 15:54:36,1143.0,14.0,627.0,11894076
MAYOTTE,2020-05-14 19:05:05,1210.0,16.0,627.0,11905505
MAYOTTE,2020-05-14 20:56:04,1210.0,16.0,627.0,11912164
MAYOTTE,2020-05-15 01:21:38,1210.0,16.0,627.0,11928098
MAYOTTE,2020-05-15 12:16:09,1210.0,16.0,627.0,11967369
MAYOTTE,2020-05-15 15:26:20,1210.0,16.0,627.0,11978780
MAYOTTE,2020-05-15 17:53:43,1210.0,16.0,627.0,11987623
MAYOTTE,2020-05-15 21:00:16,1210.0,16.0,627.0,11998816
MAYOTTE,2020-05-15 23:56:42,1210.0,16.0,627.0,12009402
MAYOTTE,2020-05-16 12:26:00,1258.0,16.0,627.0,12054360
MAYOTTE,2020-05-16 17:05:26,1258.0,16.0,627.0,12071126
MAYOTTE,2020-05-16 18:40:21,1258.0,16.0,627.0,12076821
MAYOTTE,2020-05-16 23:58:26,1312.0,18.0,627.0,12095906
MAYOTTE,2020-05-17 12:00:02,1312.0,18.0,627.0,12139202
MAYOTTE,2020-05-17 14:58:45,1312.0,18.0,627.0,12149925
MAYOTTE,2020-05-17 18:48:59,1312.0,18.0,627.0,12163739
MAYOTTE,2020-05-17 21:23:35,1342.0,18.0,627.0,12173015
MAYOTTE,2020-05-18 00:05:04,1342.0,18.0,627.0,12182704
MAYOTTE,2020-05-18 12:02:55,1342.0,18.0,627.0,12225775
MAYOTTE,2020-05-18 15:32:44,1342.0,18.0,627.0,12238364
MAYOTTE,2020-05-18 18:17:04,1342.0,18.0,627.0,12248224
MAYOTTE,2020-05-18 21:14:07,1342.0,18.0,627.0,12258847
MAYOTTE,2020-05-18 23:56:07,1370.0,18.0,627.0,12268567
MAYOTTE,2020-05-19 11:30:38,1370.0,18.0,627.0,12310238
MAYOTTE,2020-05-19 16:31:59,1370.0,18.0,627.0,12328319
MAYOTTE,2020-05-19 19:06:49,1370.0,18.0,627.0,12337609
MAYOTTE,2020-05-19 21:27:31,1370.0,18.0,627.0,12346051
MAYOTTE,2020-05-19 23:57:27,1370.0,18.0,627.0,12355047
MAYOTTE,2020-05-20 12:03:00,1370.0,18.0,627.0,12398580
MAYOTTE,2020-05-20 14:57:38,1370.0,18.0,627.0,12409058
MAYOTTE,2020-05-20 17:44:53,1370.0,18.0,627.0,12419093
MAYOTTE,2020-05-20 21:15:28,1475.0,19.0,894.0,12431728
MAYOTTE,2020-05-21 00:14:36,1475.0,19.0,894.0,12442476
MAYOTTE,2020-05-21 09:38:15,1475.0,19.0,894.0,12476295
MAYOTTE,2020-05-21 12:11:17,1475.0,19.0,894.0,12485477
MAYOTTE,2020-05-21 14:59:56,1475.0,19.0,894.0,12495596
MAYOTTE,2020-05-21 21:24:22,1475.0,19.0,894.0,12518662
MAYOTTE,2020-05-22 00:00:02,1475.0,19.0,894.0,12528002
MAYOTTE,2020-05-22 10:37:17,1475.0,19.0,894.0,12566237
MAYOTTE,2020-05-22 12:36:18,1475.0,19.0,894.0,12573378
MAYOTTE,2020-05-22 16:06:00,1475.0,19.0,894.0,12585960
MAYOTTE,2020-05-22 18:00:02,1475.0,19.0,894.0,12592802
MAYOTTE,2020-05-22 21:00:09,1475.0,19.0,894.0,12603609
MAYOTTE,2020-05-23 01:20:34,1521.0,19.0,894.0,12619234
MAYOTTE,2020-05-23 12:07:16,1521.0,19.0,894.0,12658036
MAYOTTE,2020-05-23 18:09:53,1521.0,19.0,894.0,12679793
MAYOTTE,2020-05-23 22:02:48,1521.0,19.0,894.0,12693768
MAYOTTE,2020-05-24 00:00:02,1521.0,19.0,894.0,12700802
MAYOTTE,2020-05-24 12:54:52,1521.0,19.0,894.0,12747292
MAYOTTE,2020-05-24 16:07:25,1521.0,19.0,894.0,12758845
MAYOTTE,2020-05-24 18:12:44,1521.0,19.0,894.0,12766364
MAYOTTE,2020-05-24 22:29:08,1521.0,19.0,894.0,12781748
MAYOTTE,2020-05-25 01:32:08,1587.0,20.0,894.0,12792728
MAYOTTE,2020-05-25 09:46:16,1587.0,20.0,894.0,12822376
MAYOTTE,2020-05-25 12:12:38,1587.0,20.0,894.0,12831158
MAYOTTE,2020-05-25 15:12:03,1587.0,20.0,894.0,12841923
MAYOTTE,2020-05-25 18:41:27,1587.0,20.0,894.0,12854487
MAYOTTE,2020-05-25 21:51:14,1609.0,20.0,894.0,12865874
MAYOTTE,2020-05-26 01:53:29,1609.0,20.0,894.0,12880409
MAYOTTE,2020-05-26 12:00:25,1609.0,20.0,894.0,12916825
MAYOTTE,2020-05-26 16:13:04,1609.0,20.0,894.0,12931984
MAYOTTE,2020-05-26 18:02:31,1609.0,20.0,894.0,12938551
MAYOTTE,2020-05-26 20:52:11,1609.0,20.0,894.0,12948731
MAYOTTE,2020-05-27 00:00:03,1634.0,20.0,894.0,12960003
MAYOTTE,2020-05-27 12:10:26,1634.0,20.0,894.0,13003826
MAYOTTE,2020-05-27 15:19:50,1634.0,20.0,894.0,13015190
MAYOTTE,2020-05-27 18:03:01,1634.0,20.0,894.0,13024981
MAYOTTE,2020-05-27 21:01:30,1634.0,20.0,894.0,13035690
MAYOTTE,2020-05-28 00:11:23,1634.0,20.0,894.0,13047083
MAYOTTE,2020-05-28 12:23:58,1645.0,20.0,1314.0,13091038
MAYOTTE,2020-05-28 15:04:04,1645.0,20.0,1314.0,13100644
MAYOTTE,2020-05-28 18:07:10,1645.0,20.0,1314.0,13111630
MAYOTTE,2020-05-28 21:31:41,1670.0,21.0,1315.0,13123901
MAYOTTE,2020-05-29 00:02:56,1670.0,21.0,1315.0,13132976
MAYOTTE,2020-05-29 12:00:02,1670.0,22.0,1315.0,13176002
MAYOTTE,2020-05-29 16:46:05,1670.0,22.0,1315.0,13193165
MAYOTTE,2020-05-29 18:02:28,1670.0,22.0,1315.0,13197748
MAYOTTE,2020-05-30 00:23:37,1699.0,22.0,1385.0,13220617
MAYOTTE,2020-05-30 12:00:30,1699.0,22.0,1385.0,13262430
MAYOTTE,2020-05-30 14:57:57,1699.0,22.0,1385.0,13273077
MAYOTTE,2020-05-30 18:01:15,1699.0,22.0,1385.0,13284075
MAYOTTE,2020-05-30 21:15:16,1699.0,22.0,1385.0,13295716
MAYOTTE,2020-05-31 00:03:50,1699.0,22.0,1385.0,13305830
MAYOTTE,2020-05-31 12:36:25,1699.0,22.0,1385.0,13350985
MAYOTTE,2020-05-31 18:05:35,1699.0,22.0,1385.0,13370735
MAYOTTE,2020-05-31 21:20:54,1699.0,22.0,1385.0,13382454
MAYOTTE,2020-06-01 00:28:04,1699.0,22.0,1385.0,13393684
MAYOTTE,2020-06-01 12:03:29,1699.0,22.0,1385.0,13435409
MAYOTTE,2020-06-01 16:16:43,1699.0,22.0,1385.0,13450603
MAYOTTE,2020-06-01 18:23:34,1699.0,22.0,1385.0,13458214
MAYOTTE,2020-06-01 20:51:21,1699.0,22.0,1385.0,13467081
MAYOTTE,2020-06-02 00:00:03,1699.0,22.0,1385.0,13478403
MAYOTTE,2020-06-02 12:00:47,1934.0,24.0,1473.0,13521647
MAYOTTE,2020-06-02 15:02:31,1934.0,24.0,1473.0,13532551
MAYOTTE,2020-06-02 18:03:06,1934.0,24.0,1473.0,13543386
MAYOTTE,2020-06-02 21:04:58,1986.0,24.0,1473.0,13554298
MAYOTTE,2020-06-03 00:09:31,1986.0,24.0,1473.0,13565371
MAYOTTE,2020-06-03 12:06:19,1986.0,24.0,1473.0,13608379
MAYOTTE,2020-06-03 18:03:19,1986.0,24.0,1473.0,13629799
MAYOTTE,2020-06-03 21:00:07,1986.0,24.0,1473.0,13640407
MAYOTTE,2020-06-03 23:57:12,1993.0,24.0,1523.0,13651032
MAYOTTE,2020-06-04 12:06:55,1993.0,24.0,1523.0,13694815
MAYOTTE,2020-06-04 15:08:37,1993.0,24.0,1523.0,13705717
MAYOTTE,2020-06-04 18:03:06,1993.0,24.0,1523.0,13716186
MAYOTTE,2020-06-04 22:08:43,2058.0,25.0,1523.0,13730923
MAYOTTE,2020-06-05 00:03:48,2058.0,25.0,1523.0,13737828
MAYOTTE,2020-06-05 09:56:47,2058.0,25.0,1523.0,13773407
MAYOTTE,2020-06-05 12:05:36,2058.0,25.0,1523.0,13781136
MAYOTTE,2020-06-05 15:53:59,2058.0,25.0,1523.0,13794839
MAYOTTE,2020-06-05 18:09:10,2058.0,25.0,1523.0,13802950
MAYOTTE,2020-06-05 21:28:56,2058.0,25.0,1523.0,13814936
MAYOTTE,2020-06-06 00:16:06,2079.0,25.0,1523.0,13824966
MAYOTTE,2020-06-06 10:04:52,2079.0,25.0,1523.0,13860292
MAYOTTE,2020-06-06 13:35:43,2079.0,25.0,1523.0,13872943
MAYOTTE,2020-06-06 16:16:15,2079.0,25.0,1523.0,13882575
MAYOTTE,2020-06-06 18:01:57,2079.0,25.0,1523.0,13888917
MAYOTTE,2020-06-06 21:08:29,2079.0,25.0,1523.0,13900109
MAYOTTE,2020-06-07 00:01:41,2079.0,25.0,1523.0,13910501
MAYOTTE,2020-06-07 10:03:49,2079.0,25.0,1523.0,13946629
MAYOTTE,2020-06-07 14:28:55,2079.0,25.0,1523.0,13962535
MAYOTTE,2020-06-07 15:05:57,2079.0,25.0,1523.0,13964757
MAYOTTE,2020-06-07 17:54:02,2079.0,25.0,1523.0,13974842
MAYOTTE,2020-06-07 22:55:47,2079.0,25.0,1523.0,13992947
MAYOTTE,2020-06-08 00:26:53,2079.0,25.0,1523.0,13998413
MAYOTTE,2020-06-08 09:14:14,2079.0,25.0,1523.0,14030054
MAYOTTE,2020-06-08 11:55:57,2079.0,25.0,1523.0,14039757
MAYOTTE,2020-06-08 15:04:29,2079.0,25.0,1523.0,14051069
MAYOTTE,2020-06-08 18:23:45,2079.0,25.0,1523.0,14063025
MAYOTTE,2020-06-08 21:17:18,2151.0,25.0,1654.0,14073438
MAYOTTE,2020-06-09 00:00:04,2151.0,25.0,1654.0,14083204
MAYOTTE,2020-06-09 09:43:27,2151.0,25.0,1654.0,14118207
MAYOTTE,2020-06-09 12:10:53,2151.0,25.0,1654.0,14127053
MAYOTTE,2020-06-09 15:08:07,2151.0,25.0,1654.0,14137687
MAYOTTE,2020-06-09 17:53:30,2151.0,25.0,1654.0,14147610
MAYOTTE,2020-06-09 22:44:53,2175.0,28.0,1654.0,14165093
MAYOTTE,2020-06-10 00:12:10,2175.0,28.0,1654.0,14170330
MAYOTTE,2020-06-10 09:58:49,2175.0,28.0,1654.0,14205529
MAYOTTE,2020-06-10 12:17:29,2175.0,28.0,1654.0,14213849
MAYOTTE,2020-06-10 15:00:05,2175.0,28.0,1654.0,14223605
MAYOTTE,2020-06-10 19:15:37,2175.0,28.0,1654.0,14238937
MAYOTTE,2020-06-10 22:11:00,2226.0,28.0,1654.0,14249460
MAYOTTE,2020-06-11 00:38:25,2226.0,28.0,1654.0,14258305
MAYOTTE,2020-06-11 10:23:26,2226.0,28.0,1654.0,14293406
MAYOTTE,2020-06-11 12:03:36,2226.0,28.0,1654.0,14299416
MAYOTTE,2020-06-11 15:00:00,2226.0,28.0,1654.0,14310000
MAYOTTE,2020-06-11 18:06:54,2226.0,28.0,1654.0,14321214
MAYOTTE,2020-06-11 20:52:43,2240.0,28.0,1654.0,14331163
MAYOTTE,2020-06-12 00:00:01,2240.0,28.0,1654.0,14342401
MAYOTTE,2020-06-12 13:20:41,2240.0,28.0,1654.0,14390441
MAYOTTE,2020-06-12 14:58:14,2240.0,28.0,1654.0,14396294
MAYOTTE,2020-06-12 18:00:02,2240.0,28.0,1654.0,14407202
MAYOTTE,2020-06-12 23:02:21,2240.0,28.0,1654.0,14425341
MAYOTTE,2020-06-13 00:02:48,2240.0,28.0,1654.0,14428968
MAYOTTE,2020-06-13 09:18:18,2268.0,28.0,1790.0,14462298
MAYOTTE,2020-06-13 15:03:46,2268.0,28.0,1790.0,14483026
MAYOTTE,2020-06-13 17:59:00,2268.0,28.0,1790.0,14493540
MAYOTTE,2020-06-13 21:46:37,2282.0,28.0,1790.0,14507197
MAYOTTE,2020-06-14 00:25:57,2282.0,28.0,1790.0,14516757
MAYOTTE,2020-06-14 10:24:05,2282.0,28.0,1790.0,14552645
MAYOTTE,2020-06-14 12:00:29,2282.0,28.0,1790.0,14558429
MAYOTTE,2020-06-14 15:06:46,2282.0,28.0,1790.0,14569606
MAYOTTE,2020-06-14 18:27:38,2282.0,28.0,1790.0,14581658
MAYOTTE,2020-06-14 22:19:13,2282.0,28.0,1790.0,14595553
MAYOTTE,2020-06-15 00:00:01,2282.0,28.0,1790.0,14601601
MAYOTTE,2020-06-15 09:41:48,2298.0,29.0,1790.0,14636508
MAYOTTE,2020-06-15 13:15:06,2298.0,29.0,1790.0,14649306
MAYOTTE,2020-06-15 16:11:53,2298.0,29.0,1790.0,14659913
MAYOTTE,2020-06-15 18:00:01,2298.0,29.0,1790.0,14666401
MAYOTTE,2020-06-15 22:38:31,2298.0,29.0,1790.0,14683111
MAYOTTE,2020-06-16 00:13:42,2310.0,29.0,2058.0,14688822
MAYOTTE,2020-06-16 10:50:55,2310.0,29.0,2058.0,14727055
MAYOTTE,2020-06-16 13:18:50,2310.0,29.0,2058.0,14735930
MAYOTTE,2020-06-16 15:05:11,2310.0,29.0,2058.0,14742311
MAYOTTE,2020-06-16 18:00:00,2310.0,29.0,2058.0,14752800
MAYOTTE,2020-06-16 21:02:47,2310.0,29.0,2058.0,14763767
MAYOTTE,2020-06-17 00:05:49,2333.0,29.0,2058.0,14774749
MAYOTTE,2020-06-17 12:00:01,2333.0,29.0,2058.0,14817601
MAYOTTE,2020-06-17 15:04:55,2333.0,29.0,2058.0,14828695
MAYOTTE,2020-06-17 18:20:14,2333.0,29.0,2058.0,14840414
MAYOTTE,2020-06-17 21:38:30,2333.0,29.0,2058.0,14852310
MAYOTTE,2020-06-18 00:02:16,2333.0,29.0,2058.0,14860936
MAYOTTE,2020-06-18 10:40:51,2345.0,29.0,2066.0,14899251
MAYOTTE,2020-06-18 12:36:38,2345.0,29.0,2066.0,14906198
MAYOTTE,2020-06-18 15:00:02,2345.0,29.0,2066.0,14914802
MAYOTTE,2020-06-18 18:21:41,2345.0,29.0,2066.0,14926901
MAYOTTE,2020-06-18 21:00:01,2383.0,29.0,2066.0,14936401
MAYOTTE,2020-06-19 00:00:01,2383.0,29.0,2066.0,14947201
MAYOTTE,2020-06-19 10:29:59,2383.0,29.0,2066.0,14984999
MAYOTTE,2020-06-19 12:35:32,2383.0,29.0,2066.0,14992532
MAYOTTE,2020-06-19 15:39:13,2383.0,29.0,2066.0,15003553
MAYOTTE,2020-06-19 19:41:44,2383.0,29.0,2066.0,15018104
MAYOTTE,2020-06-19 21:00:01,2383.0,29.0,2066.0,15022801
MAYOTTE,2020-06-20 00:02:17,2394.0,29.0,2066.0,15033737
MAYOTTE,2020-06-20 12:01:18,2394.0,29.0,2066.0,15076878
MAYOTTE,2020-06-20 19:24:14,2394.0,29.0,2066.0,15103454
MAYOTTE,2020-06-20 21:53:13,2394.0,29.0,2066.0,15112393
MAYOTTE,2020-06-21 00:00:59,2404.0,31.0,2066.0,15120059
MAYOTTE,2020-06-21 12:47:22,2404.0,31.0,2066.0,15166042
MAYOTTE,2020-06-21 15:06:10,2404.0,31.0,2066.0,15174370
MAYOTTE,2020-06-21 21:20:09,2404.0,31.0,2066.0,15196809
MAYOTTE,2020-06-22 01:40:42,2404.0,31.0,2066.0,15212442
MAYOTTE,2020-06-22 09:36:08,2404.0,31.0,2066.0,15240968
MAYOTTE,2020-06-22 13:00:00,2404.0,31.0,2066.0,15253200
MAYOTTE,2020-06-22 15:04:30,2404.0,31.0,2066.0,15260670
MAYOTTE,2020-06-22 18:00:02,2404.0,31.0,2066.0,15271202
MAYOTTE,2020-06-22 21:28:09,2434.0,31.0,2188.0,15283689
MAYOTTE,2020-06-23 00:28:09,2434.0,31.0,2188.0,15294489
MAYOTTE,2020-06-23 09:24:18,2434.0,31.0,2188.0,15326658
MAYOTTE,2020-06-23 13:05:40,2434.0,31.0,2188.0,15339940
MAYOTTE,2020-06-23 15:13:46,2434.0,31.0,2188.0,15347626
MAYOTTE,2020-06-23 18:54:18,2434.0,31.0,2188.0,15360858
MAYOTTE,2020-06-23 21:32:43,2434.0,31.0,2188.0,15370363
MAYOTTE,2020-06-24 00:00:01,2434.0,31.0,2188.0,15379201
MAYOTTE,2020-06-24 09:46:50,2434.0,31.0,2188.0,15414410
MAYOTTE,2020-06-24 15:17:14,2434.0,31.0,2188.0,15434234
MAYOTTE,2020-06-24 18:00:18,2434.0,31.0,2188.0,15444018
MAYOTTE,2020-06-24 21:00:00,2434.0,31.0,2188.0,15454800
MAYOTTE,2020-06-25 01:36:44,2467.0,32.0,2218.0,15471404
MAYOTTE,2020-06-25 09:33:23,2467.0,32.0,2218.0,15500003
MAYOTTE,2020-06-25 12:00:00,2467.0,32.0,2218.0,15508800
MAYOTTE,2020-06-25 17:01:31,2467.0,32.0,2218.0,15526891
MAYOTTE,2020-06-25 18:04:48,2467.0,32.0,2218.0,15530688
MAYOTTE,2020-06-25 23:17:43,2508.0,32.0,2218.0,15549463
MAYOTTE,2020-06-26 00:03:06,2508.0,32.0,2218.0,15552186
MAYOTTE,2020-06-26 09:33:19,2508.0,32.0,2218.0,15586399
MAYOTTE,2020-06-26 13:19:37,2508.0,32.0,2218.0,15599977
MAYOTTE,2020-06-26 15:09:27,2508.0,32.0,2218.0,15606567
MAYOTTE,2020-06-26 18:19:22,2508.0,32.0,2218.0,15617962
MAYOTTE,2020-06-26 20:59:59,2508.0,32.0,2218.0,15627599
MAYOTTE,2020-06-27 00:07:37,2508.0,32.0,2218.0,15638857
MAYOTTE,2020-06-27 09:30:58,2508.0,32.0,2218.0,15672658
MAYOTTE,2020-06-27 12:10:55,2508.0,32.0,2218.0,15682255
MAYOTTE,2020-06-27 15:06:57,2508.0,32.0,2218.0,15692817
MAYOTTE,2020-06-27 21:00:00,2508.0,32.0,2218.0,15714000
MAYOTTE,2020-06-28 01:29:17,2508.0,32.0,2218.0,15730157
MAYOTTE,2020-06-28 09:15:53,2508.0,32.0,2218.0,15758153
MAYOTTE,2020-06-28 12:25:19,2508.0,32.0,2218.0,15769519
MAYOTTE,2020-06-28 16:10:03,2508.0,32.0,2218.0,15783003
MAYOTTE,2020-06-28 20:32:35,2508.0,32.0,2218.0,15798755
MAYOTTE,2020-06-29 00:17:57,2508.0,32.0,2218.0,15812277
MAYOTTE,2020-06-29 09:34:23,2508.0,32.0,2218.0,15845663
MAYOTTE,2020-06-29 12:07:31,2508.0,32.0,2218.0,15854851
MAYOTTE,2020-06-29 15:28:56,2508.0,32.0,2218.0,15866936
MAYOTTE,2020-06-29 18:50:49,2508.0,32.0,2218.0,15879049
MAYOTTE,2020-06-29 21:18:50,2508.0,32.0,2218.0,15887930
MAYOTTE,2020-06-30 00:00:59,2508.0,32.0,2218.0,15897659
MAYOTTE,2020-06-30 09:33:13,2560.0,32.0,2325.0,15931993
MAYOTTE,2020-06-30 12:00:23,2560.0,32.0,2325.0,15940823
MAYOTTE,2020-06-30 15:11:22,2560.0,32.0,2325.0,15952282
MAYOTTE,2020-06-30 18:01:33,2560.0,32.0,2325.0,15962493
MAYOTTE,2020-06-30 22:25:32,2603.0,35.0,2325.0,15978332
MAYOTTE,2020-07-01 00:28:32,2603.0,35.0,2325.0,16072112
MAYOTTE,2020-07-01 10:20:13,2603.0,35.0,2325.0,16107613
MAYOTTE,2020-07-01 12:04:05,2603.0,35.0,2325.0,16113845
MAYOTTE,2020-07-01 15:24:33,2603.0,35.0,2325.0,16125873
MAYOTTE,2020-07-01 18:00:02,2603.0,35.0,2325.0,16135202
MAYOTTE,2020-07-01 21:05:03,2603.0,35.0,2325.0,16146303
MAYOTTE,2020-07-02 00:00:16,2643.0,35.0,2341.0,16156816
MAYOTTE,2020-07-02 09:33:48,2643.0,35.0,2341.0,16191228
MAYOTTE,2020-07-02 15:04:09,2643.0,35.0,2341.0,16211049
MAYOTTE,2020-07-02 18:06:06,2643.0,35.0,2341.0,16221966
MAYOTTE,2020-07-03 00:10:20,2650.0,35.0,2341.0,16243820
MAYOTTE,2020-07-03 10:35:25,2650.0,35.0,2341.0,16281325
MAYOTTE,2020-07-03 15:22:17,2650.0,35.0,2341.0,16298537
MAYOTTE,2020-07-03 18:28:39,2650.0,35.0,2341.0,16309719
MAYOTTE,2020-07-03 21:25:38,2661.0,35.0,2375.0,16320338
MAYOTTE,2020-07-04 00:04:18,2661.0,35.0,2375.0,16329858
MAYOTTE,2020-07-04 09:37:22,2661.0,35.0,2375.0,16364242
MAYOTTE,2020-07-04 12:10:34,2661.0,35.0,2375.0,16373434
MAYOTTE,2020-07-04 16:06:00,2661.0,35.0,2375.0,16387560
MAYOTTE,2020-07-04 18:40:29,2661.0,35.0,2375.0,16396829
MAYOTTE,2020-07-04 22:29:59,2661.0,35.0,2375.0,16410599
MAYOTTE,2020-07-05 00:00:01,2661.0,35.0,2375.0,16416001
MAYOTTE,2020-07-05 09:49:21,2661.0,35.0,2375.0,16451361
MAYOTTE,2020-07-05 15:07:40,2661.0,35.0,2375.0,16470460
MAYOTTE,2020-07-05 18:34:37,2661.0,35.0,2375.0,16482877
MAYOTTE,2020-07-05 21:20:11,2661.0,35.0,2375.0,16492811
MAYOTTE,2020-07-06 00:03:29,2661.0,35.0,2375.0,16502609
MAYOTTE,2020-07-06 12:35:03,2661.0,35.0,2375.0,16547703
MAYOTTE,2020-07-06 15:03:08,2661.0,35.0,2375.0,16556588
MAYOTTE,2020-07-06 18:00:03,2661.0,35.0,2375.0,16567203
MAYOTTE,2020-07-07 00:13:16,2661.0,35.0,2375.0,16589596
MAYOTTE,2020-07-07 09:27:23,2679.0,35.0,2375.0,16622843
MAYOTTE,2020-07-07 12:55:40,2679.0,35.0,2375.0,16635340
MAYOTTE,2020-07-07 14:59:03,2679.0,35.0,2375.0,16642743
MAYOTTE,2020-07-07 19:44:13,2688.0,35.0,2446.0,16659853
MAYOTTE,2020-07-08 00:00:01,2688.0,35.0,2446.0,16675201
MAYOTTE,2020-07-08 10:21:56,2688.0,35.0,2446.0,16712516
MAYOTTE,2020-07-08 12:35:58,2688.0,35.0,2446.0,16720558
MAYOTTE,2020-07-08 15:00:01,2688.0,35.0,2446.0,16729201
MAYOTTE,2020-07-08 18:16:08,2688.0,35.0,2446.0,16740968
MAYOTTE,2020-07-08 22:08:33,2688.0,35.0,2446.0,16754913
MAYOTTE,2020-07-09 00:08:59,2688.0,35.0,2446.0,16762139
MAYOTTE,2020-07-09 10:00:20,2688.0,35.0,2446.0,16797620
MAYOTTE,2020-07-09 12:28:54,2688.0,35.0,2446.0,16806534
MAYOTTE,2020-07-09 15:00:00,2688.0,35.0,2446.0,16815600
MAYOTTE,2020-07-09 18:10:36,2688.0,34.0,2446.0,16827036
MAYOTTE,2020-07-10 00:22:52,2702.0,37.0,2480.0,16849372
MAYOTTE,2020-07-10 09:41:27,2702.0,37.0,2480.0,16882887
MAYOTTE,2020-07-10 12:48:22,2702.0,37.0,2480.0,16894102
MAYOTTE,2020-07-10 15:00:02,2702.0,37.0,2480.0,16902002
MAYOTTE,2020-07-10 18:28:32,2702.0,37.0,2480.0,16914512
MAYOTTE,2020-07-10 21:06:46,2702.0,37.0,2480.0,16924006
MAYOTTE,2020-07-11 00:00:00,2711.0,37.0,2480.0,16934400
MAYOTTE,2020-07-11 09:53:02,2711.0,37.0,2480.0,16969982
MAYOTTE,2020-07-11 13:55:29,2711.0,37.0,2480.0,16984529
MAYOTTE,2020-07-11 14:59:59,2711.0,37.0,2480.0,16988399
MAYOTTE,2020-07-11 18:00:58,2711.0,37.0,2480.0,16999258
MAYOTTE,2020-07-11 21:12:45,2711.0,37.0,2480.0,17010765
MAYOTTE,2020-07-12 00:55:05,2711.0,37.0,2480.0,17024105
MAYOTTE,2020-07-12 09:14:29,2711.0,37.0,2480.0,17054069
MAYOTTE,2020-07-12 13:22:59,2711.0,37.0,2480.0,17068979
MAYOTTE,2020-07-12 15:01:51,2711.0,37.0,2480.0,17074911
MAYOTTE,2020-07-12 17:59:59,2711.0,37.0,2480.0,17085599
MAYOTTE,2020-07-13 00:00:00,2711.0,37.0,2480.0,17107200
MAYOTTE,2020-07-13 09:21:26,2711.0,37.0,2480.0,17140886
MAYOTTE,2020-07-13 12:22:28,2711.0,37.0,2480.0,17151748
MAYOTTE,2020-07-13 15:28:59,2711.0,37.0,2480.0,17162939
MAYOTTE,2020-07-13 18:52:54,2711.0,37.0,2480.0,17175174
MAYOTTE,2020-07-13 21:00:41,2711.0,37.0,2480.0,17182841
MAYOTTE,2020-07-14 00:41:05,2711.0,37.0,2480.0,17196065
MAYOTTE,2020-07-14 09:30:41,2724.0,37.0,2480.0,17227841
MAYOTTE,2020-07-14 12:12:31,2724.0,37.0,2480.0,17237551
MAYOTTE,2020-07-14 15:13:56,2724.0,37.0,2480.0,17248436
MAYOTTE,2020-07-14 18:13:50,2724.0,37.0,2480.0,17259230
MAYOTTE,2020-07-14 21:19:54,2724.0,37.0,2480.0,17270394
MAYOTTE,2020-07-15 01:27:00,2724.0,37.0,2480.0,17285220
MAYOTTE,2020-07-15 15:01:08,2724.0,37.0,2480.0,17334068
MAYOTTE,2020-07-15 18:00:34,2724.0,37.0,2480.0,17344834
MAYOTTE,2020-07-15 22:36:51,2724.0,37.0,2480.0,17361411
MAYOTTE,2020-07-16 00:02:19,2724.0,37.0,2480.0,17366539
MAYOTTE,2020-07-16 09:27:15,2743.0,37.0,2581.0,17400435
MAYOTTE,2020-07-16 12:13:11,2743.0,37.0,2581.0,17410391
MAYOTTE,2020-07-16 15:12:41,2743.0,37.0,2581.0,17421161
MAYOTTE,2020-07-16 18:31:45,2743.0,37.0,2581.0,17433105
MAYOTTE,2020-07-16 21:00:20,2743.0,37.0,2581.0,17442020
MAYOTTE,2020-07-17 00:00:04,2743.0,37.0,2581.0,17452804
MAYOTTE,2020-07-17 09:14:08,2778.0,37.0,2581.0,17486048
MAYOTTE,2020-07-17 13:11:05,2778.0,37.0,2581.0,17500265
MAYOTTE,2020-07-17 18:39:48,2778.0,37.0,2581.0,17519988
MAYOTTE,2020-07-17 21:28:41,2782.0,37.0,2591.0,17530121
MAYOTTE,2020-07-18 00:33:56,2782.0,37.0,2591.0,17541236
MAYOTTE,2020-07-18 12:03:27,2782.0,37.0,2591.0,17582607
MAYOTTE,2020-07-18 16:14:45,2782.0,37.0,2591.0,17597685
MAYOTTE,2020-07-18 18:00:31,2782.0,37.0,2591.0,17604031
MAYOTTE,2020-07-18 21:54:37,2782.0,37.0,2591.0,17618077
MAYOTTE,2020-07-19 00:02:40,2782.0,37.0,2591.0,17625760
MAYOTTE,2020-07-19 09:21:24,2782.0,37.0,2591.0,17659284
MAYOTTE,2020-07-19 14:59:59,2782.0,37.0,2591.0,17679599
MAYOTTE,2020-07-19 18:32:07,2782.0,37.0,2591.0,17692327
MAYOTTE,2020-07-19 22:02:57,2782.0,37.0,2591.0,17704977
MAYOTTE,2020-07-20 00:54:25,2782.0,37.0,2591.0,17715265
MAYOTTE,2020-07-20 09:46:28,2782.0,37.0,2591.0,17747188
MAYOTTE,2020-07-20 12:50:02,2782.0,37.0,2591.0,17758202
MAYOTTE,2020-07-20 16:25:02,2782.0,37.0,2591.0,17771102
MAYOTTE,2020-07-20 18:03:23,2782.0,37.0,2591.0,17777003
MAYOTTE,2020-07-20 22:22:23,2808.0,38.0,2591.0,17792543
MAYOTTE,2020-07-21 00:06:02,2808.0,38.0,2591.0,17798762
MAYOTTE,2020-07-21 09:23:31,2808.0,38.0,2591.0,17832211
MAYOTTE,2020-07-21 15:03:18,2808.0,38.0,2591.0,17852598
MAYOTTE,2020-07-21 18:01:06,2808.0,38.0,2591.0,17863266
MAYOTTE,2020-07-21 21:22:15,2808.0,38.0,2591.0,17875335
MAYOTTE,2020-07-22 00:23:08,2808.0,38.0,2591.0,17886188
MAYOTTE,2020-07-22 09:11:34,2824.0,38.0,2614.0,17917894
MAYOTTE,2020-07-22 12:10:57,2824.0,38.0,2614.0,17928657
MAYOTTE,2020-07-22 18:14:24,2824.0,38.0,2614.0,17950464
MAYOTTE,2020-07-22 21:01:05,2824.0,38.0,2614.0,17960465
MAYOTTE,2020-07-23 00:49:16,2839.0,38.0,2614.0,17974156
MAYOTTE,2020-07-23 09:19:22,2839.0,38.0,2614.0,18004762
MAYOTTE,2020-07-23 12:03:17,2839.0,38.0,2614.0,18014597
MAYOTTE,2020-07-23 18:41:07,2839.0,38.0,2614.0,18038467
MAYOTTE,2020-07-23 21:43:09,2839.0,38.0,2614.0,18049389
MAYOTTE,2020-07-24 00:00:01,2862.0,38.0,2650.0,18057601
MAYOTTE,2020-07-24 09:34:41,2862.0,38.0,2650.0,18092081
MAYOTTE,2020-07-24 12:20:52,2862.0,38.0,2650.0,18102052
MAYOTTE,2020-07-24 15:00:02,2862.0,38.0,2650.0,18111602
MAYOTTE,2020-07-24 18:05:44,2862.0,38.0,2650.0,18122744
MAYOTTE,2020-07-24 21:56:38,2862.0,38.0,2650.0,18136598
MAYOTTE,2020-07-25 00:00:03,2862.0,38.0,2650.0,18144003
MAYOTTE,2020-07-25 09:53:19,2862.0,38.0,2650.0,18179599
MAYOTTE,2020-07-25 12:01:19,2862.0,38.0,2650.0,18187279
MAYOTTE,2020-07-25 15:03:54,2862.0,38.0,2650.0,18198234
MAYOTTE,2020-07-25 18:14:03,2862.0,38.0,2650.0,18209643
MAYOTTE,2020-07-25 21:14:14,2862.0,38.0,2650.0,18220454
MAYOTTE,2020-07-26 00:00:16,2862.0,38.0,2650.0,18230416
MAYOTTE,2020-07-26 09:39:05,2862.0,38.0,2650.0,18265145
MAYOTTE,2020-07-26 12:02:49,2862.0,38.0,2650.0,18273769
MAYOTTE,2020-07-26 15:51:23,2862.0,38.0,2650.0,18287483
MAYOTTE,2020-07-26 18:57:53,2862.0,38.0,2650.0,18298673
MAYOTTE,2020-07-27 00:00:18,2862.0,38.0,2650.0,18316818
MAYOTTE,2020-07-27 09:29:47,2862.0,38.0,2650.0,18350987
MAYOTTE,2020-07-27 12:26:11,2862.0,38.0,2650.0,18361571
MAYOTTE,2020-07-27 15:13:27,2862.0,38.0,2650.0,18371607
MAYOTTE,2020-07-27 18:10:59,2862.0,38.0,2650.0,18382259
MAYOTTE,2020-07-28 00:15:35,2862.0,38.0,2650.0,18404135
MAYOTTE,2020-07-28 09:22:49,2900.0,38.0,2672.0,18436969
MAYOTTE,2020-07-28 15:09:14,2900.0,38.0,2672.0,18457754
MAYOTTE,2020-07-28 18:11:01,2900.0,38.0,2672.0,18468661
MAYOTTE,2020-07-29 00:08:08,2900.0,38.0,2672.0,18490088
MAYOTTE,2020-07-29 09:31:00,2900.0,38.0,2672.0,18523860
MAYOTTE,2020-07-29 15:51:23,2900.0,38.0,2672.0,18546683
MAYOTTE,2020-07-30 00:00:49,2905.0,39.0,2672.0,18576049
MAYOTTE,2020-07-30 10:22:05,2905.0,39.0,2672.0,18613325
MAYOTTE,2020-07-30 12:01:00,2905.0,39.0,2672.0,18619260
MAYOTTE,2020-07-30 15:05:00,2905.0,39.0,2672.0,18630300
MAYOTTE,2020-07-30 18:03:15,2905.0,39.0,2672.0,18640995
MAYOTTE,2020-07-30 22:09:22,2962.0,39.0,2721.0,18655762
MAYOTTE,2020-07-31 00:39:33,2962.0,39.0,2721.0,18664773
MAYOTTE,2020-07-31 09:37:18,2962.0,39.0,2721.0,18697038
MAYOTTE,2020-07-31 15:23:07,2962.0,39.0,2721.0,18717787
MAYOTTE,2020-07-31 18:00:01,2962.0,39.0,2721.0,18727201
MAYOTTE,2020-07-31 22:29:34,2962.0,39.0,2721.0,18743374
MAYOTTE,2020-08-01 00:12:58,2962.0,39.0,2721.0,18749578
MAYOTTE,2020-08-01 09:34:41,2962.0,39.0,2721.0,18783281
MAYOTTE,2020-08-01 16:09:32,2962.0,39.0,2721.0,18806972
MAYOTTE,2020-08-01 22:06:09,2962.0,39.0,2721.0,18828369
MAYOTTE,2020-08-02 00:00:01,2962.0,39.0,2721.0,18835201
MAYOTTE,2020-08-02 09:13:15,2962.0,39.0,2721.0,18868395
MAYOTTE,2020-08-02 15:46:47,2962.0,39.0,2721.0,18892007
MAYOTTE,2020-08-02 19:19:33,2962.0,39.0,2721.0,18904773
MAYOTTE,2020-08-02 21:54:29,2962.0,39.0,2721.0,18914069
MAYOTTE,2020-08-03 00:03:24,2962.0,39.0,2721.0,18921804
MAYOTTE,2020-08-03 09:09:35,2962.0,39.0,2721.0,18954575
MAYOTTE,2020-08-03 12:03:58,2962.0,39.0,2721.0,18965038
MAYOTTE,2020-08-03 15:01:25,2962.0,39.0,2721.0,18975685
MAYOTTE,2020-08-03 19:06:38,2962.0,39.0,2721.0,18990398
MAYOTTE,2020-08-03 21:05:48,3008.0,39.0,2738.0,18997548
MAYOTTE,2020-08-04 00:00:01,3008.0,39.0,2738.0,19008001
MAYOTTE,2020-08-04 09:09:07,3008.0,39.0,2738.0,19040947
MAYOTTE,2020-08-04 16:10:57,3008.0,39.0,2738.0,19066257
MAYOTTE,2020-08-04 18:30:57,3008.0,39.0,2738.0,19074657
MAYOTTE,2020-08-05 00:25:33,3023.0,39.0,2738.0,19095933
MAYOTTE,2020-08-05 09:28:00,3023.0,39.0,2738.0,19128480
MAYOTTE,2020-08-05 15:05:28,3023.0,39.0,2738.0,19148728
MAYOTTE,2020-08-05 18:04:00,3023.0,39.0,2738.0,19159440
MAYOTTE,2020-08-05 22:25:00,3023.0,39.0,2738.0,19175100
MAYOTTE,2020-08-06 00:01:58,3031.0,39.0,2738.0,19180918
MAYOTTE,2020-08-06 09:18:49,3031.0,39.0,2738.0,19214329
MAYOTTE,2020-08-06 11:55:43,3031.0,39.0,2738.0,19223743
MAYOTTE,2020-08-06 14:55:45,3031.0,39.0,2738.0,19234545
MAYOTTE,2020-08-06 18:06:07,3031.0,39.0,2738.0,19245967
MAYOTTE,2020-08-06 21:03:22,3031.0,39.0,2738.0,19256602
MAYOTTE,2020-08-07 09:21:50,3042.0,39.0,2738.0,19300910
MAYOTTE,2020-08-07 12:02:25,3042.0,39.0,2738.0,19310545
MAYOTTE,2020-08-07 14:59:49,3042.0,39.0,2738.0,19321189
MAYOTTE,2020-08-07 18:06:36,3042.0,39.0,2738.0,19332396
MAYOTTE,2020-08-07 22:36:19,3042.0,39.0,2738.0,19348579
MAYOTTE,2020-08-08 00:24:02,3042.0,39.0,2738.0,19355042
MAYOTTE,2020-08-08 09:50:10,3068.0,39.0,2835.0,19389010
MAYOTTE,2020-08-08 11:58:01,3068.0,39.0,2835.0,19396681
MAYOTTE,2020-08-08 15:55:08,3068.0,39.0,2835.0,19410908
MAYOTTE,2020-08-08 18:42:31,3068.0,39.0,2835.0,19420951
MAYOTTE,2020-08-08 21:23:47,3068.0,39.0,2835.0,19430627
MAYOTTE,2020-08-09 00:10:37,3068.0,39.0,2835.0,19440637
MAYOTTE,2020-08-09 12:00:11,3068.0,39.0,2835.0,19483211
MAYOTTE,2020-08-09 15:07:48,3068.0,39.0,2835.0,19494468
MAYOTTE,2020-08-09 18:15:13,3068.0,39.0,2835.0,19505713
MAYOTTE,2020-08-09 21:31:49,3068.0,39.0,2835.0,19517509
MAYOTTE,2020-08-10 00:01:34,3068.0,39.0,2835.0,19526494
MAYOTTE,2020-08-10 12:01:14,3068.0,39.0,2835.0,19569674
MAYOTTE,2020-08-10 14:57:43,3068.0,39.0,2835.0,19580263
MAYOTTE,2020-08-10 18:38:41,3068.0,39.0,2835.0,19593521
MAYOTTE,2020-08-10 21:12:03,3068.0,39.0,2835.0,19602723
MAYOTTE,2020-08-11 00:12:11,3068.0,39.0,2835.0,19613531
MAYOTTE,2020-08-11 12:42:12,3068.0,39.0,2835.0,19658532
MAYOTTE,2020-08-11 15:08:00,3068.0,39.0,2835.0,19667280
MAYOTTE,2020-08-11 17:56:26,3068.0,39.0,2835.0,19677386
MAYOTTE,2020-08-11 21:29:46,3068.0,39.0,2835.0,19690186
MAYOTTE,2020-08-12 00:00:02,3068.0,39.0,2835.0,19699202
MAYOTTE,2020-08-12 10:54:23,3091.0,39.0,2835.0,19738463
MAYOTTE,2020-08-12 15:10:15,3091.0,39.0,2835.0,19753815
MAYOTTE,2020-08-12 18:11:55,3091.0,39.0,2835.0,19764715
MAYOTTE,2020-08-12 21:16:36,3091.0,39.0,2835.0,19775796
MAYOTTE,2020-08-12 23:59:19,3091.0,39.0,2835.0,19785559
MAYOTTE,2020-08-13 13:01:52,3091.0,39.0,2835.0,19832512
MAYOTTE,2020-08-13 15:09:28,3091.0,39.0,2835.0,19840168
MAYOTTE,2020-08-13 18:01:00,3091.0,39.0,2835.0,19850460
MAYOTTE,2020-08-14 00:00:03,3119.0,39.0,2940.0,19872003
MAYOTTE,2020-08-14 12:06:31,3119.0,39.0,2940.0,19915591
MAYOTTE,2020-08-14 16:57:17,3119.0,39.0,2940.0,19933037
MAYOTTE,2020-08-14 21:45:03,3119.0,39.0,2940.0,19950303
MAYOTTE,2020-08-15 10:34:24,3119.0,39.0,2940.0,19996464
MAYOTTE,2020-08-15 12:03:45,3119.0,39.0,2940.0,20001825
MAYOTTE,2020-08-15 18:08:50,3119.0,39.0,2940.0,20023730
MAYOTTE,2020-08-15 22:17:00,3119.0,39.0,2940.0,20038620
MAYOTTE,2020-08-16 00:02:10,3119.0,39.0,2940.0,20044930
MAYOTTE,2020-08-16 13:57:15,3119.0,39.0,2940.0,20095035
MAYOTTE,2020-08-16 15:05:06,3119.0,39.0,2940.0,20099106
MAYOTTE,2020-08-16 21:26:43,3119.0,39.0,2940.0,20122003
MAYOTTE,2020-08-17 00:17:10,3119.0,39.0,2940.0,20132230
MAYOTTE,2020-08-17 12:05:01,3119.0,39.0,2940.0,20174701
MAYOTTE,2020-08-17 17:03:35,3119.0,39.0,2940.0,20192615
MAYOTTE,2020-08-17 18:00:01,3119.0,39.0,2940.0,20196001
MAYOTTE,2020-08-17 21:45:08,3119.0,39.0,2940.0,20209508
MAYOTTE,2020-08-18 00:26:01,3119.0,39.0,2940.0,20219161
MAYOTTE,2020-08-18 13:11:01,3160.0,39.0,2964.0,20265061
MAYOTTE,2020-08-18 14:37:33,3160.0,39.0,2964.0,20270253
MAYOTTE,2020-08-18 19:06:50,3160.0,39.0,2964.0,20286410
MAYOTTE,2020-08-18 21:50:57,3160.0,39.0,2964.0,20296257
MAYOTTE,2020-08-19 00:10:52,3160.0,39.0,2964.0,20304652
MAYOTTE,2020-08-19 12:50:27,3160.0,39.0,2964.0,20350227
MAYOTTE,2020-08-19 17:03:04,3160.0,39.0,2964.0,20365384
MAYOTTE,2020-08-19 18:11:09,3160.0,39.0,2964.0,20369469
MAYOTTE,2020-08-19 22:33:24,3160.0,39.0,2964.0,20385204
MAYOTTE,2020-08-20 00:03:16,3160.0,39.0,2964.0,20390596
MAYOTTE,2020-08-20 10:56:58,3160.0,39.0,2964.0,20429818
MAYOTTE,2020-08-20 12:04:41,3160.0,39.0,2964.0,20433881
MAYOTTE,2020-08-20 18:53:15,3160.0,39.0,2964.0,20458395
MAYOTTE,2020-08-20 20:51:42,3160.0,39.0,2964.0,20465502
MAYOTTE,2020-08-20 23:59:58,3160.0,39.0,2964.0,20476798
MAYOTTE,2020-08-21 11:02:26,3160.0,39.0,2964.0,20516546
MAYOTTE,2020-08-21 12:57:47,3160.0,39.0,2964.0,20523467
MAYOTTE,2020-08-21 16:11:19,3160.0,39.0,2964.0,20535079
MAYOTTE,2020-08-21 21:51:23,3160.0,39.0,2964.0,20555483
MAYOTTE,2020-08-22 00:09:21,3160.0,39.0,2964.0,20563761
MAYOTTE,2020-08-22 13:27:54,3237.0,39.0,2964.0,20611674
MAYOTTE,2020-08-22 14:59:58,3237.0,39.0,2964.0,20617198
MAYOTTE,2020-08-22 21:42:03,3237.0,39.0,2964.0,20641323
MAYOTTE,2020-08-23 00:00:05,3237.0,39.0,2964.0,20649605
MAYOTTE,2020-08-23 10:16:16,3237.0,39.0,2964.0,20686576
MAYOTTE,2020-08-23 12:49:32,3237.0,39.0,2964.0,20695772
MAYOTTE,2020-08-23 16:11:52,3237.0,39.0,2964.0,20707912
MAYOTTE,2020-08-23 18:11:36,3237.0,39.0,2964.0,20715096
MAYOTTE,2020-08-23 21:24:47,3237.0,39.0,2964.0,20726687
MAYOTTE,2020-08-24 00:03:55,3237.0,39.0,2964.0,20736235
MAYOTTE,2020-08-24 11:39:02,3237.0,39.0,2964.0,20777942
MAYOTTE,2020-08-24 12:08:18,3237.0,39.0,2964.0,20779698
MAYOTTE,2020-08-24 17:59:59,3237.0,39.0,2964.0,20800799
MAYOTTE,2020-08-24 21:10:49,3237.0,39.0,2964.0,20812249
MAYOTTE,2020-08-25 00:07:52,3237.0,39.0,2964.0,20822872
MAYOTTE,2020-08-25 12:35:08,3237.0,39.0,2964.0,20867708
MAYOTTE,2020-08-25 15:22:11,3237.0,39.0,2964.0,20877731
MAYOTTE,2020-08-25 19:21:41,3237.0,39.0,2964.0,20892101
MAYOTTE,2020-08-25 21:00:00,3237.0,39.0,2964.0,20898000
MAYOTTE,2020-08-26 00:00:01,3237.0,39.0,2964.0,20908801
MAYOTTE,2020-08-26 15:25:47,3237.0,39.0,2964.0,20964347
MAYOTTE,2020-08-26 19:23:10,3237.0,39.0,2964.0,20978590
MAYOTTE,2020-08-26 22:46:11,3237.0,39.0,2964.0,20990771
MAYOTTE,2020-08-26 23:49:41,3237.0,39.0,2964.0,20994581
MAYOTTE,2020-08-27 11:10:51,3237.0,39.0,2964.0,21035451
MAYOTTE,2020-08-27 12:53:02,3237.0,39.0,2964.0,21041582
MAYOTTE,2020-08-27 16:44:18,3237.0,39.0,2964.0,21055458
MAYOTTE,2020-08-27 17:58:51,3237.0,39.0,2964.0,21059931
MAYOTTE,2020-08-27 21:42:46,3237.0,39.0,2964.0,21073366
MAYOTTE,2020-08-27 23:48:16,3237.0,39.0,2964.0,21080896
MAYOTTE,2020-08-28 11:02:31,3301.0,40.0,2964.0,21121351
MAYOTTE,2020-08-28 12:00:20,3301.0,40.0,2964.0,21124820
MAYOTTE,2020-08-28 17:08:53,3301.0,40.0,2964.0,21143333
MAYOTTE,2020-08-28 18:10:31,3301.0,40.0,2964.0,21147031
MAYOTTE,2020-08-28 23:57:23,3301.0,40.0,2964.0,21167843
MAYOTTE,2020-08-29 11:08:32,3301.0,40.0,2964.0,21208112
MAYOTTE,2020-08-29 12:00:02,3301.0,40.0,2964.0,21211202
MAYOTTE,2020-08-29 15:06:58,3301.0,40.0,2964.0,21222418
MAYOTTE,2020-08-29 21:05:59,3301.0,40.0,2964.0,21243959
MAYOTTE,2020-08-29 23:31:15,3301.0,40.0,2964.0,21252675
MAYOTTE,2020-08-30 09:58:00,3301.0,40.0,2964.0,21290280
MAYOTTE,2020-08-30 17:16:35,3301.0,40.0,2964.0,21316595
MAYOTTE,2020-08-30 18:00:24,3301.0,40.0,2964.0,21319224
MAYOTTE,2020-08-30 20:56:00,3301.0,40.0,2964.0,21329760
MAYOTTE,2020-08-31 00:07:36,3301.0,40.0,2964.0,21341256
MAYOTTE,2020-08-31 10:10:26,3301.0,40.0,2964.0,21377426
MAYOTTE,2020-08-31 12:31:01,3301.0,40.0,2964.0,21385861
MAYOTTE,2020-08-31 15:59:11,3301.0,40.0,2964.0,21398351
MAYOTTE,2020-08-31 18:51:46,3301.0,40.0,2964.0,21408706
MAYOTTE,2020-09-01 00:02:52,3301.0,40.0,2964.0,21427372
MAYOTTE,2020-09-01 12:44:59,3301.0,40.0,2964.0,21473099
MAYOTTE,2020-09-01 15:00:01,3301.0,40.0,2964.0,21481201
MAYOTTE,2020-09-01 17:23:09,3301.0,40.0,2964.0,21489789
MAYOTTE,2020-09-01 21:15:20,3301.0,40.0,2964.0,21503720
MAYOTTE,2020-09-01 23:30:32,3301.0,40.0,2964.0,21511832
MAYOTTE,2020-09-02 13:10:55,3301.0,40.0,2964.0,21561055
MAYOTTE,2020-09-02 15:33:34,3301.0,40.0,2964.0,21569614
MAYOTTE,2020-09-02 18:28:07,3301.0,40.0,2964.0,21580087
MAYOTTE,2020-09-02 21:28:18,3301.0,40.0,2964.0,21590898
MAYOTTE,2020-09-03 09:00:00,3301.0,40.0,2964.0,21682071
MAYOTTE,2020-09-03 15:00:00,3301.0,40.0,2964.0,21682115
MAYOTTE,2020-09-03 18:00:00,3301.0,40.0,2964.0,21682141
MAYOTTE,2020-09-03 22:49:38,3301.0,40.0,2964.0,21682178
MAYOTTE,2020-09-04 10:56:23,3374.0,40.0,2964.0,21725783
MAYOTTE,2020-09-04 14:40:58,3374.0,40.0,2964.0,21739258
MAYOTTE,2020-09-04 15:04:05,3374.0,40.0,2964.0,21740645
MAYOTTE,2020-09-04 18:00:39,3374.0,40.0,2964.0,21751239
MAYOTTE,2020-09-04 21:52:28,3374.0,40.0,2964.0,21765148
MAYOTTE,2020-09-05 00:03:37,3374.0,40.0,2964.0,21773017
MAYOTTE,2020-09-05 10:50:39,3374.0,40.0,2964.0,21811839
MAYOTTE,2020-09-05 12:06:51,3374.0,40.0,2964.0,21816411
MAYOTTE,2020-09-05 15:00:02,3374.0,40.0,2964.0,21826802
MAYOTTE,2020-09-05 17:47:09,3374.0,40.0,2964.0,21836829
MAYOTTE,2020-09-06 00:03:48,3374.0,40.0,2964.0,21859428
MAYOTTE,2020-09-06 10:55:14,3374.0,40.0,2964.0,21898514
MAYOTTE,2020-09-06 13:34:25,3374.0,40.0,2964.0,21908065
MAYOTTE,2020-09-06 16:35:02,3374.0,40.0,2964.0,21918902
MAYOTTE,2020-09-06 18:15:24,3374.0,40.0,2964.0,21924924
MAYOTTE,2020-09-06 21:18:08,3374.0,40.0,2964.0,21935888
MAYOTTE,2020-09-07 00:00:02,3374.0,40.0,2964.0,21945602
MAYOTTE,2020-09-07 11:58:10,3374.0,40.0,2964.0,21988690
MAYOTTE,2020-09-07 16:58:29,3374.0,40.0,2964.0,22006709
MAYOTTE,2020-09-07 18:02:12,3374.0,40.0,2964.0,22010532
MAYOTTE,2020-09-07 22:14:42,3374.0,40.0,2964.0,22025682
MAYOTTE,2020-09-08 00:02:27,3374.0,40.0,2964.0,22032147
MAYOTTE,2020-09-08 11:32:05,3374.0,40.0,2964.0,22073525
MAYOTTE,2020-09-08 13:02:40,3374.0,40.0,2964.0,22078960
MAYOTTE,2020-09-08 14:56:25,3374.0,40.0,2964.0,22085785
MAYOTTE,2020-09-08 18:26:42,3374.0,40.0,2964.0,22098402
MAYOTTE,2020-09-08 21:15:11,3374.0,40.0,2964.0,22108511
MAYOTTE,2020-09-09 00:54:19,3374.0,40.0,2964.0,22121659
MAYOTTE,2020-09-09 10:25:57,3374.0,40.0,2964.0,22155957
MAYOTTE,2020-09-09 13:13:20,3374.0,40.0,2964.0,22166000
MAYOTTE,2020-09-09 16:52:50,3374.0,40.0,2964.0,22179170
MAYOTTE,2020-09-09 17:58:25,3374.0,40.0,2964.0,22183105
MAYOTTE,2020-09-09 22:01:51,3374.0,40.0,2964.0,22197711
MAYOTTE,2020-09-09 23:43:49,3374.0,40.0,2964.0,22203829
MAYOTTE,2020-09-10 14:25:30,3374.0,40.0,2964.0,22256730
MAYOTTE,2020-09-10 15:00:00,3374.0,40.0,2964.0,22270866
MAYOTTE,2020-09-10 18:21:40,3374.0,40.0,2964.0,22270900
MAYOTTE,2020-09-10 20:58:00,3374.0,40.0,2964.0,22280280
MAYOTTE,2020-09-11 00:01:07,3374.0,40.0,2964.0,22291267
MAYOTTE,2020-09-11 10:11:12,3374.0,40.0,2964.0,22327872
MAYOTTE,2020-09-11 13:11:51,3374.0,40.0,2964.0,22338711
MAYOTTE,2020-09-11 17:13:37,3374.0,40.0,2964.0,22353217
MAYOTTE,2020-09-11 18:08:20,3374.0,40.0,2964.0,22356500
MAYOTTE,2020-09-11 23:37:29,3374.0,40.0,2964.0,22376249
MAYOTTE,2020-09-12 00:00:17,3374.0,40.0,2964.0,22377617
MAYOTTE,2020-09-12 11:08:28,3374.0,40.0,2964.0,22417708
MAYOTTE,2020-09-12 12:05:40,3374.0,40.0,2964.0,22421140
MAYOTTE,2020-09-12 15:02:01,3374.0,40.0,2964.0,22431721
MAYOTTE,2020-09-12 19:57:02,3374.0,40.0,2964.0,22449422
MAYOTTE,2020-09-12 22:04:45,3374.0,40.0,2964.0,22457085
MAYOTTE,2020-09-12 23:54:15,3374.0,40.0,2964.0,22463655
MAYOTTE,2020-09-13 10:51:20,3374.0,40.0,2964.0,22503080
MAYOTTE,2020-09-13 12:00:00,3374.0,40.0,2964.0,22542539
MAYOTTE,2020-09-13 21:50:00,3374.0,40.0,2964.0,22542600
MAYOTTE,2020-09-14 00:10:36,3374.0,40.0,2964.0,22551036
MAYOTTE,2020-09-14 11:25:27,3374.0,40.0,2964.0,22591527
MAYOTTE,2020-09-14 12:21:01,3374.0,40.0,2964.0,22594861
MAYOTTE,2020-09-14 15:52:05,3374.0,40.0,2964.0,22607525
MAYOTTE,2020-09-14 19:13:26,3374.0,40.0,2964.0,22619606
MAYOTTE,2020-09-14 22:21:31,3374.0,40.0,2964.0,22630891
MAYOTTE,2020-09-14 23:55:54,3374.0,40.0,2964.0,22636554
MAYOTTE,2020-09-15 10:09:39,3374.0,40.0,2964.0,22673379
MAYOTTE,2020-09-15 15:00:00,3374.0,40.0,2964.0,22697875
MAYOTTE,2020-09-15 16:58:54,3374.0,40.0,2964.0,22697934
MAYOTTE,2020-09-15 18:28:50,3374.0,40.0,2964.0,22703330
MAYOTTE,2020-09-15 21:27:31,3374.0,40.0,2964.0,22714051
MAYOTTE,2020-09-16 00:50:10,3374.0,40.0,2964.0,22726210
MAYOTTE,2020-09-16 11:17:27,3374.0,40.0,2964.0,22763847
MAYOTTE,2020-09-16 12:34:15,3374.0,40.0,2964.0,22768455
MAYOTTE,2020-09-16 18:02:26,3374.0,40.0,2964.0,22788146
MAYOTTE,2020-09-17 00:10:29,3374.0,40.0,2964.0,22810229
MAYOTTE,2020-09-17 11:02:31,3374.0,40.0,2964.0,22849351
MAYOTTE,2020-09-17 11:56:26,3374.0,40.0,2964.0,22852586
MAYOTTE,2020-09-17 17:28:49,3374.0,40.0,2964.0,22872529
MAYOTTE,2020-09-17 18:33:19,3374.0,40.0,2964.0,22876399
MAYOTTE,2020-09-17 21:31:09,3374.0,40.0,2964.0,22887069
MAYOTTE,2020-09-18 00:10:52,3374.0,40.0,2964.0,22896652
MAYOTTE,2020-09-18 10:45:58,3541.0,40.0,2964.0,22934758
MAYOTTE,2020-09-18 12:55:29,3541.0,40.0,2964.0,22942529
MAYOTTE,2020-09-18 16:56:01,3541.0,40.0,2964.0,22956961
MAYOTTE,2020-09-18 19:38:25,3541.0,40.0,2964.0,22966705
MAYOTTE,2020-09-18 21:31:44,3541.0,40.0,2964.0,22973504
MAYOTTE,2020-09-19 00:10:36,3541.0,40.0,2964.0,22983036
MAYOTTE,2020-09-19 10:46:49,3541.0,40.0,2964.0,23021209
MAYOTTE,2020-09-19 12:36:18,3541.0,40.0,2964.0,23027778
MAYOTTE,2020-09-19 15:16:37,3541.0,40.0,2964.0,23037397
MAYOTTE,2020-09-19 18:07:55,3541.0,40.0,2964.0,23047675
MAYOTTE,2020-09-20 00:14:12,3541.0,40.0,2964.0,23069652
MAYOTTE,2020-09-20 10:40:41,3541.0,40.0,2964.0,23107241
MAYOTTE,2020-09-20 11:55:37,3541.0,40.0,2964.0,23111737
MAYOTTE,2020-09-20 16:52:05,3541.0,40.0,2964.0,23129525
MAYOTTE,2020-09-20 19:21:17,3541.0,40.0,2964.0,23138477
MAYOTTE,2020-09-20 22:21:07,3541.0,40.0,2964.0,23149267
MAYOTTE,2020-09-21 00:03:32,3541.0,40.0,2964.0,23155412
MAYOTTE,2020-09-21 09:17:45,3541.0,40.0,2964.0,23188665
MAYOTTE,2020-09-21 16:49:08,3541.0,40.0,2964.0,23215748
MAYOTTE,2020-09-21 20:51:38,3541.0,40.0,2964.0,23230298
MAYOTTE,2020-09-21 21:03:06,3541.0,40.0,2964.0,23230986
MAYOTTE,2020-09-21 23:54:04,3541.0,40.0,2964.0,23241244
MAYOTTE,2020-09-22 10:07:59,3541.0,40.0,2964.0,23278079
MAYOTTE,2020-09-22 12:40:29,3541.0,40.0,2964.0,23287229
MAYOTTE,2020-09-22 16:30:13,3541.0,40.0,2964.0,23301013
MAYOTTE,2020-09-22 18:01:24,3541.0,40.0,2964.0,23306484
MAYOTTE,2020-09-22 22:33:38,3541.0,40.0,2964.0,23322818
MAYOTTE,2020-09-22 23:47:17,3541.0,40.0,2964.0,23327237
MAYOTTE,2020-09-23 09:20:32,3541.0,40.0,2964.0,23361632
MAYOTTE,2020-09-23 12:05:36,3541.0,40.0,2964.0,23371536
MAYOTTE,2020-09-23 16:01:56,3541.0,40.0,2964.0,23385716
MAYOTTE,2020-09-23 21:16:22,3541.0,40.0,2964.0,23404582
MAYOTTE,2020-09-23 23:54:06,3541.0,40.0,2964.0,23414046
MAYOTTE,2020-09-24 11:17:02,3541.0,40.0,2964.0,23455022
MAYOTTE,2020-09-24 12:02:32,3541.0,40.0,2964.0,23457752
MAYOTTE,2020-09-24 15:00:00,3541.0,40.0,2964.0,23475115
MAYOTTE,2020-09-24 17:53:40,3541.0,40.0,2964.0,23478820
MAYOTTE,2020-09-24 22:22:06,3541.0,40.0,2964.0,23494926
MAYOTTE,2020-09-25 00:03:15,3541.0,40.0,2964.0,23500995
MAYOTTE,2020-09-25 11:08:03,3541.0,40.0,2964.0,23540883
MAYOTTE,2020-09-25 13:32:21,3541.0,40.0,2964.0,23549541
MAYOTTE,2020-09-25 17:08:04,3541.0,40.0,2964.0,23562484
MAYOTTE,2020-09-25 18:45:58,3541.0,40.0,2964.0,23568358
MAYOTTE,2020-09-25 22:21:55,3541.0,40.0,2964.0,23581315
MAYOTTE,2020-09-26 00:04:56,3541.0,40.0,2964.0,23587496
MAYOTTE,2020-09-26 10:31:22,3541.0,40.0,2964.0,23625082
MAYOTTE,2020-09-26 13:55:25,3541.0,40.0,2964.0,23637325
MAYOTTE,2020-09-26 16:13:57,3541.0,40.0,2964.0,23645637
MAYOTTE,2020-09-26 20:47:14,3541.0,40.0,2964.0,23662034
MAYOTTE,2020-09-26 21:22:13,3541.0,40.0,2964.0,23664133
MAYOTTE,2020-09-26 23:56:15,3541.0,40.0,2964.0,23673375
MAYOTTE,2020-09-27 10:15:07,3541.0,40.0,2964.0,23710507
MAYOTTE,2020-09-27 13:49:55,3541.0,40.0,2964.0,23723395
MAYOTTE,2020-09-27 18:00:00,3541.0,40.0,2964.0,23743234
MAYOTTE,2020-09-27 21:40:39,3541.0,40.0,2964.0,23751639
MAYOTTE,2020-09-27 23:55:47,3541.0,40.0,2964.0,23759747
MAYOTTE,2020-09-28 11:09:12,3541.0,40.0,2964.0,23800152
MAYOTTE,2020-09-28 13:11:13,3541.0,40.0,2964.0,23807473
MAYOTTE,2020-09-28 17:15:09,3541.0,40.0,2964.0,23822109
MAYOTTE,2020-09-28 18:00:26,3541.0,40.0,2964.0,23824826
MAYOTTE,2020-09-28 21:02:40,3541.0,40.0,2964.0,23835760
MAYOTTE,2020-09-29 00:58:59,3541.0,40.0,2964.0,23849939
MAYOTTE,2020-09-29 09:50:31,3541.0,40.0,2964.0,23881831
MAYOTTE,2020-09-29 12:04:22,3541.0,40.0,2964.0,23889862
MAYOTTE,2020-09-29 16:09:42,3541.0,40.0,2964.0,23904582
MAYOTTE,2020-09-29 18:00:00,3541.0,40.0,2964.0,23973282
MAYOTTE,2020-09-29 22:00:00,3541.0,40.0,2964.0,23973318
MAYOTTE,2020-09-30 00:00:00,3541.0,40.0,2964.0,23973381
MAYOTTE,2020-09-30 11:16:50,3541.0,40.0,2964.0,23973410
MAYOTTE,2020-09-30 13:40:32,3541.0,40.0,2964.0,23982032
MAYOTTE,2020-09-30 16:14:55,3541.0,40.0,2964.0,23991295
MAYOTTE,2020-09-30 18:00:52,3541.0,40.0,2964.0,23997652
MAYOTTE,2020-10-01 00:00:00,3779.0,42.0,2964.0,24141264
MAYOTTE,2020-10-01 09:00:00,3779.0,42.0,2964.0,24141361
MAYOTTE,2020-10-01 09:56:49,3779.0,42.0,2964.0,24141409
MAYOTTE,2020-10-01 13:26:21,3779.0,42.0,2964.0,24153981
MAYOTTE,2020-10-01 15:58:53,3779.0,42.0,2964.0,24163133
MAYOTTE,2020-10-01 18:41:16,3779.0,42.0,2964.0,24172876
MAYOTTE,2020-10-01 21:52:15,3779.0,42.0,2964.0,24184335
MAYOTTE,2020-10-02 00:06:11,3779.0,42.0,2964.0,24192371
MAYOTTE,2020-10-02 09:59:44,3779.0,42.0,2964.0,24227984
MAYOTTE,2020-10-02 14:00:00,3779.0,42.0,2964.0,24275196
MAYOTTE,2020-10-02 18:00:00,3779.0,42.0,2964.0,24275234
MAYOTTE,2020-10-02 21:00:00,3779.0,42.0,2964.0,24275289
MAYOTTE,2020-10-03 11:15:01,3779.0,42.0,2964.0,24318901
MAYOTTE,2020-10-03 11:35:05,3779.0,42.0,2964.0,24320105
MAYOTTE,2020-10-03 12:29:28,3779.0,42.0,2964.0,24323368
MAYOTTE,2020-10-03 14:42:30,3779.0,42.0,2964.0,24331350
MAYOTTE,2020-10-03 17:53:34,3779.0,42.0,2964.0,24342814
MAYOTTE,2020-10-03 20:52:17,3779.0,42.0,2964.0,24353537
MAYOTTE,2020-10-03 23:58:02,3779.0,42.0,2964.0,24364682
MAYOTTE,2020-10-04 10:35:01,3779.0,42.0,2964.0,24402901
MAYOTTE,2020-10-04 13:37:25,3779.0,42.0,2964.0,24413845
